testauto10,◊‘∂ØªØ≤‚ ‘’À∫≈10;testauto11,◊‘∂ØªØ≤‚ ‘’À∫≈11;
testauto12,◊‘∂ØªØ≤‚ ‘’À∫≈12;testauto13,◊‘∂ØªØ≤‚ ‘’À∫≈13;
testauto10,◊‘∂ØªØ≤‚ ‘’À∫≈10;testauto11,◊‘∂ØªØ≤‚ ‘’À∫≈11;
testauto12,◊‘∂ØªØ≤‚ ‘’À∫≈12;testauto13,◊‘∂ØªØ≤‚ ‘’À∫≈13;
testauto14,◊‘∂ØªØ≤‚ ‘’À∫≈14;testauto15,◊‘∂ØªØ≤‚ ‘’À∫≈15;
testauto16,◊‘∂ØªØ≤‚ ‘’À∫≈16;testauto17,◊‘∂ØªØ≤‚ ‘’À∫≈17;
liuling62,¡ı¡·≤‚ ‘’À∫≈62;
liuling63,¡ı¡·≤‚ ‘’À∫≈63;
liuling69,¡ı¡·≤‚ ‘’À∫≈69;liuling68,¡ı¡·≤‚ ‘’À∫≈68;liuling79,¡ı¡·≤‚ ‘’À∫≈79;liuling72,¡ı¡·≤‚ ‘’À∫≈72;liuling83,¡ı¡·≤‚ ‘’À∫≈83;liuling71,¡ı¡·≤‚ ‘’À∫≈71;liuling82,¡ı¡·≤‚ ‘’À∫≈82;liuling74,¡ı¡·≤‚ ‘’À∫≈74;liuling73,¡ı¡·≤‚ ‘’À∫≈73;liuling65,¡ı¡·≤‚ ‘’À∫≈65;liuling76,¡ı¡·≤‚ ‘’À∫≈76;liuling64,¡ı¡·≤‚ ‘’À∫≈64;liuling75,¡ı¡·≤‚ ‘’À∫≈75;liuling67,¡ı¡·≤‚ ‘’À∫≈67;liuling78,¡ı¡·≤‚ ‘’À∫≈78;liuling66,¡ı¡·≤‚ ‘’À∫≈66;liuling77,¡ı¡·≤‚ ‘’À∫≈77;liuling70,¡ı¡·≤‚ ‘’À∫≈70;liuling81,¡ı¡·≤‚ ‘’À∫≈81;liuling80,¡ı¡·≤‚ ‘’À∫≈80;
liuling84,¡ı¡·≤‚ ‘’À∫≈84;
liuling93,¡ı¡·≤‚ ‘’À∫≈93;
liuling94,¡ı¡·≤‚ ‘’À∫≈94;
liuling95,¡ı¡·≤‚ ‘’À∫≈95;
liuling96,¡ı¡·≤‚ ‘’À∫≈96;
liuling97,¡ı¡·≤‚ ‘’À∫≈97;
liuling98,¡ı¡·≤‚ ‘’À∫≈98;
liuling97,¡ı¡·≤‚ ‘’À∫≈97;
liuling98,¡ı¡·≤‚ ‘’À∫≈98;
