projectName,projectSquare,projectType,leadContractorName,supervisorName,remark
1测试测试测试测试测试测试测试项目,10000,,,,
2测试测试测试测试测试测试测试项目,10000,,,,
3测试测试测试测试测试测试测试项目,10000,,,,
4测试测试测试测试测试测试测试项目,10000,,,,
5测试测试测试测试测试测试测试项目,10000,,,,
6测试测试测试测试测试测试测试项目,10000,,,,
7测试测试测试测试测试测试测试项目,10000,,,,
8测试测试测试测试测试测试测试项目,10000,,,,
9测试测试测试测试测试测试测试项目,10000,,,,
10测试测试测试测试测试测试测试项目,10000,,,,
11测试测试测试测试测试测试测试项目,10000,,,,
12测试测试测试测试测试测试测试项目,10000,,,,
13测试测试测试测试测试测试测试项目,10000,,,,
14测试测试测试测试测试测试测试项目,10000,,,,
15测试测试测试测试测试测试测试项目,10000,,,,
16测试测试测试测试测试测试测试项目,10000,,,,
17测试测试测试测试测试测试测试项目,10000,,,,
18测试测试测试测试测试测试测试项目,10000,,,,
19测试测试测试测试测试测试测试项目,10000,,,,
20测试测试测试测试测试测试测试项目,10000,,,,
21测试测试测试测试测试测试测试项目,10000,,,,
22测试测试测试测试测试测试测试项目,10000,,,,
23测试测试测试测试测试测试测试项目,10000,,,,
24测试测试测试测试测试测试测试项目,10000,,,,
25测试测试测试测试测试测试测试项目,10000,,,,
26测试测试测试测试测试测试测试项目,10000,,,,
27测试测试测试测试测试测试测试项目,10000,,,,
28测试测试测试测试测试测试测试项目,10000,,,,
29测试测试测试测试测试测试测试项目,10000,,,,
30测试测试测试测试测试测试测试项目,10000,,,,
31测试测试测试测试测试测试测试项目,10000,,,,
32测试测试测试测试测试测试测试项目,10000,,,,
33测试测试测试测试测试测试测试项目,10000,,,,
34测试测试测试测试测试测试测试项目,10000,,,,
35测试测试测试测试测试测试测试项目,10000,,,,
36测试测试测试测试测试测试测试项目,10000,,,,
37测试测试测试测试测试测试测试项目,10000,,,,
38测试测试测试测试测试测试测试项目,10000,,,,
39测试测试测试测试测试测试测试项目,10000,,,,
40测试测试测试测试测试测试测试项目,10000,,,,
41测试测试测试测试测试测试测试项目,10000,,,,
42测试测试测试测试测试测试测试项目,10000,,,,
43测试测试测试测试测试测试测试项目,10000,,,,
44测试测试测试测试测试测试测试项目,10000,,,,
45测试测试测试测试测试测试测试项目,10000,,,,
46测试测试测试测试测试测试测试项目,10000,,,,
47测试测试测试测试测试测试测试项目,10000,,,,
48测试测试测试测试测试测试测试项目,10000,,,,
49测试测试测试测试测试测试测试项目,10000,,,,
50测试测试测试测试测试测试测试项目,10000,,,,
51测试测试测试测试测试测试测试项目,10000,,,,
52测试测试测试测试测试测试测试项目,10000,,,,
53测试测试测试测试测试测试测试项目,10000,,,,
54测试测试测试测试测试测试测试项目,10000,,,,
55测试测试测试测试测试测试测试项目,10000,,,,
56测试测试测试测试测试测试测试项目,10000,,,,
57测试测试测试测试测试测试测试项目,10000,,,,
58测试测试测试测试测试测试测试项目,10000,,,,
59测试测试测试测试测试测试测试项目,10000,,,,
60测试测试测试测试测试测试测试项目,10000,,,,
61测试测试测试测试测试测试测试项目,10000,,,,
62测试测试测试测试测试测试测试项目,10000,,,,
63测试测试测试测试测试测试测试项目,10000,,,,
64测试测试测试测试测试测试测试项目,10000,,,,
65测试测试测试测试测试测试测试项目,10000,,,,
66测试测试测试测试测试测试测试项目,10000,,,,
67测试测试测试测试测试测试测试项目,10000,,,,
68测试测试测试测试测试测试测试项目,10000,,,,
69测试测试测试测试测试测试测试项目,10000,,,,
70测试测试测试测试测试测试测试项目,10000,,,,
71测试测试测试测试测试测试测试项目,10000,,,,
72测试测试测试测试测试测试测试项目,10000,,,,
73测试测试测试测试测试测试测试项目,10000,,,,
74测试测试测试测试测试测试测试项目,10000,,,,
75测试测试测试测试测试测试测试项目,10000,,,,
76测试测试测试测试测试测试测试项目,10000,,,,
77测试测试测试测试测试测试测试项目,10000,,,,
78测试测试测试测试测试测试测试项目,10000,,,,
79测试测试测试测试测试测试测试项目,10000,,,,
80测试测试测试测试测试测试测试项目,10000,,,,
81测试测试测试测试测试测试测试项目,10000,,,,
82测试测试测试测试测试测试测试项目,10000,,,,
83测试测试测试测试测试测试测试项目,10000,,,,
84测试测试测试测试测试测试测试项目,10000,,,,
85测试测试测试测试测试测试测试项目,10000,,,,
86测试测试测试测试测试测试测试项目,10000,,,,
87测试测试测试测试测试测试测试项目,10000,,,,
88测试测试测试测试测试测试测试项目,10000,,,,
89测试测试测试测试测试测试测试项目,10000,,,,
90测试测试测试测试测试测试测试项目,10000,,,,
91测试测试测试测试测试测试测试项目,10000,,,,
92测试测试测试测试测试测试测试项目,10000,,,,
93测试测试测试测试测试测试测试项目,10000,,,,
94测试测试测试测试测试测试测试项目,10000,,,,
95测试测试测试测试测试测试测试项目,10000,,,,
96测试测试测试测试测试测试测试项目,10000,,,,
97测试测试测试测试测试测试测试项目,10000,,,,
98测试测试测试测试测试测试测试项目,10000,,,,
99测试测试测试测试测试测试测试项目,10000,,,,
100测试测试测试测试测试测试测试项目,10000,,,,
101测试测试测试测试测试测试测试项目,10000,,,,
102测试测试测试测试测试测试测试项目,10000,,,,
103测试测试测试测试测试测试测试项目,10000,,,,
104测试测试测试测试测试测试测试项目,10000,,,,
105测试测试测试测试测试测试测试项目,10000,,,,
106测试测试测试测试测试测试测试项目,10000,,,,
107测试测试测试测试测试测试测试项目,10000,,,,
108测试测试测试测试测试测试测试项目,10000,,,,
109测试测试测试测试测试测试测试项目,10000,,,,
110测试测试测试测试测试测试测试项目,10000,,,,
111测试测试测试测试测试测试测试项目,10000,,,,
112测试测试测试测试测试测试测试项目,10000,,,,
113测试测试测试测试测试测试测试项目,10000,,,,
114测试测试测试测试测试测试测试项目,10000,,,,
115测试测试测试测试测试测试测试项目,10000,,,,
116测试测试测试测试测试测试测试项目,10000,,,,
117测试测试测试测试测试测试测试项目,10000,,,,
118测试测试测试测试测试测试测试项目,10000,,,,
119测试测试测试测试测试测试测试项目,10000,,,,
120测试测试测试测试测试测试测试项目,10000,,,,
121测试测试测试测试测试测试测试项目,10000,,,,
122测试测试测试测试测试测试测试项目,10000,,,,
123测试测试测试测试测试测试测试项目,10000,,,,
124测试测试测试测试测试测试测试项目,10000,,,,
125测试测试测试测试测试测试测试项目,10000,,,,
126测试测试测试测试测试测试测试项目,10000,,,,
127测试测试测试测试测试测试测试项目,10000,,,,
128测试测试测试测试测试测试测试项目,10000,,,,
129测试测试测试测试测试测试测试项目,10000,,,,
130测试测试测试测试测试测试测试项目,10000,,,,
131测试测试测试测试测试测试测试项目,10000,,,,
132测试测试测试测试测试测试测试项目,10000,,,,
133测试测试测试测试测试测试测试项目,10000,,,,
134测试测试测试测试测试测试测试项目,10000,,,,
135测试测试测试测试测试测试测试项目,10000,,,,
136测试测试测试测试测试测试测试项目,10000,,,,
137测试测试测试测试测试测试测试项目,10000,,,,
138测试测试测试测试测试测试测试项目,10000,,,,
139测试测试测试测试测试测试测试项目,10000,,,,
140测试测试测试测试测试测试测试项目,10000,,,,
141测试测试测试测试测试测试测试项目,10000,,,,
142测试测试测试测试测试测试测试项目,10000,,,,
143测试测试测试测试测试测试测试项目,10000,,,,
144测试测试测试测试测试测试测试项目,10000,,,,
145测试测试测试测试测试测试测试项目,10000,,,,
146测试测试测试测试测试测试测试项目,10000,,,,
147测试测试测试测试测试测试测试项目,10000,,,,
148测试测试测试测试测试测试测试项目,10000,,,,
149测试测试测试测试测试测试测试项目,10000,,,,
150测试测试测试测试测试测试测试项目,10000,,,,
151测试测试测试测试测试测试测试项目,10000,,,,
152测试测试测试测试测试测试测试项目,10000,,,,
153测试测试测试测试测试测试测试项目,10000,,,,
154测试测试测试测试测试测试测试项目,10000,,,,
155测试测试测试测试测试测试测试项目,10000,,,,
156测试测试测试测试测试测试测试项目,10000,,,,
157测试测试测试测试测试测试测试项目,10000,,,,
158测试测试测试测试测试测试测试项目,10000,,,,
159测试测试测试测试测试测试测试项目,10000,,,,
160测试测试测试测试测试测试测试项目,10000,,,,
161测试测试测试测试测试测试测试项目,10000,,,,
162测试测试测试测试测试测试测试项目,10000,,,,
163测试测试测试测试测试测试测试项目,10000,,,,
164测试测试测试测试测试测试测试项目,10000,,,,
165测试测试测试测试测试测试测试项目,10000,,,,
166测试测试测试测试测试测试测试项目,10000,,,,
167测试测试测试测试测试测试测试项目,10000,,,,
168测试测试测试测试测试测试测试项目,10000,,,,
169测试测试测试测试测试测试测试项目,10000,,,,
170测试测试测试测试测试测试测试项目,10000,,,,
171测试测试测试测试测试测试测试项目,10000,,,,
172测试测试测试测试测试测试测试项目,10000,,,,
173测试测试测试测试测试测试测试项目,10000,,,,
174测试测试测试测试测试测试测试项目,10000,,,,
175测试测试测试测试测试测试测试项目,10000,,,,
176测试测试测试测试测试测试测试项目,10000,,,,
177测试测试测试测试测试测试测试项目,10000,,,,
178测试测试测试测试测试测试测试项目,10000,,,,
179测试测试测试测试测试测试测试项目,10000,,,,
180测试测试测试测试测试测试测试项目,10000,,,,
181测试测试测试测试测试测试测试项目,10000,,,,
182测试测试测试测试测试测试测试项目,10000,,,,
183测试测试测试测试测试测试测试项目,10000,,,,
184测试测试测试测试测试测试测试项目,10000,,,,
185测试测试测试测试测试测试测试项目,10000,,,,
186测试测试测试测试测试测试测试项目,10000,,,,
187测试测试测试测试测试测试测试项目,10000,,,,
188测试测试测试测试测试测试测试项目,10000,,,,
189测试测试测试测试测试测试测试项目,10000,,,,
190测试测试测试测试测试测试测试项目,10000,,,,
191测试测试测试测试测试测试测试项目,10000,,,,
192测试测试测试测试测试测试测试项目,10000,,,,
193测试测试测试测试测试测试测试项目,10000,,,,
194测试测试测试测试测试测试测试项目,10000,,,,
195测试测试测试测试测试测试测试项目,10000,,,,
196测试测试测试测试测试测试测试项目,10000,,,,
197测试测试测试测试测试测试测试项目,10000,,,,
198测试测试测试测试测试测试测试项目,10000,,,,
199测试测试测试测试测试测试测试项目,10000,,,,
200测试测试测试测试测试测试测试项目,10000,,,,
201测试测试测试测试测试测试测试项目,10000,,,,
202测试测试测试测试测试测试测试项目,10000,,,,
203测试测试测试测试测试测试测试项目,10000,,,,
204测试测试测试测试测试测试测试项目,10000,,,,
205测试测试测试测试测试测试测试项目,10000,,,,
206测试测试测试测试测试测试测试项目,10000,,,,
207测试测试测试测试测试测试测试项目,10000,,,,
208测试测试测试测试测试测试测试项目,10000,,,,
209测试测试测试测试测试测试测试项目,10000,,,,
210测试测试测试测试测试测试测试项目,10000,,,,
211测试测试测试测试测试测试测试项目,10000,,,,
212测试测试测试测试测试测试测试项目,10000,,,,
213测试测试测试测试测试测试测试项目,10000,,,,
214测试测试测试测试测试测试测试项目,10000,,,,
215测试测试测试测试测试测试测试项目,10000,,,,
216测试测试测试测试测试测试测试项目,10000,,,,
217测试测试测试测试测试测试测试项目,10000,,,,
218测试测试测试测试测试测试测试项目,10000,,,,
219测试测试测试测试测试测试测试项目,10000,,,,
220测试测试测试测试测试测试测试项目,10000,,,,
221测试测试测试测试测试测试测试项目,10000,,,,
222测试测试测试测试测试测试测试项目,10000,,,,
223测试测试测试测试测试测试测试项目,10000,,,,
224测试测试测试测试测试测试测试项目,10000,,,,
225测试测试测试测试测试测试测试项目,10000,,,,
226测试测试测试测试测试测试测试项目,10000,,,,
227测试测试测试测试测试测试测试项目,10000,,,,
228测试测试测试测试测试测试测试项目,10000,,,,
229测试测试测试测试测试测试测试项目,10000,,,,
230测试测试测试测试测试测试测试项目,10000,,,,
231测试测试测试测试测试测试测试项目,10000,,,,
232测试测试测试测试测试测试测试项目,10000,,,,
233测试测试测试测试测试测试测试项目,10000,,,,
234测试测试测试测试测试测试测试项目,10000,,,,
235测试测试测试测试测试测试测试项目,10000,,,,
236测试测试测试测试测试测试测试项目,10000,,,,
237测试测试测试测试测试测试测试项目,10000,,,,
238测试测试测试测试测试测试测试项目,10000,,,,
239测试测试测试测试测试测试测试项目,10000,,,,
240测试测试测试测试测试测试测试项目,10000,,,,
241测试测试测试测试测试测试测试项目,10000,,,,
242测试测试测试测试测试测试测试项目,10000,,,,
243测试测试测试测试测试测试测试项目,10000,,,,
244测试测试测试测试测试测试测试项目,10000,,,,
245测试测试测试测试测试测试测试项目,10000,,,,
246测试测试测试测试测试测试测试项目,10000,,,,
247测试测试测试测试测试测试测试项目,10000,,,,
248测试测试测试测试测试测试测试项目,10000,,,,
249测试测试测试测试测试测试测试项目,10000,,,,
250测试测试测试测试测试测试测试项目,10000,,,,